from_url,to_url
Fritz_Hoffmann-La_Roche,Luc_Hoffmann
Fritz_Hoffmann-La_Roche,J._P._Richardson
Luc_Hoffmann,Fritz_Hoffmann-La_Roche
Peter_Scott,Elizabeth_Jane_Howard
Peter_Scott,Philippa_Scott
Peter_Scott,Robert_Falcon_Scott
Peter_Scott,Kathleen_Scott
Peter_Scott,Robert_Falcon_Scott
Peter_Scott,Robert_Falcon_Scott
Peter_Scott,Kathleen_Scott
Peter_Scott,Clements_Markham
Peter_Scott,J._M._Barrie
Peter_Scott,"Hilton_Young,_1st_Baron_Kennet"
Peter_Scott,"Wayland_Young,_2nd_Baron_Kennet"
Peter_Scott,Abbott_Handerson_Thayer
Peter_Scott,"Prince_Philip,_Duke_of_Edinburgh"
Peter_Scott,Eamonn_Andrews
Peter_Scott,Philippa_Scott
Peter_Scott,"David_James_(politician,_born_1919)"
Peter_Scott,Elizabeth_Jane_Howard
Peter_Scott,Philippa_Scott
Peter_Scott,Digvijaysinhji_Ranjitsinhji
Peter_Scott,James_Fisher_(naturalist)
Peter_Scott,"John_Bannerman,_Baron_Bannerman_of_Kildonan"
Peter_Scott,"John_Hunt,_Baron_Hunt"
Peter_Scott,Anthony_Eden
Peter_Scott,Lucien-Victor_Guirand_de_Sc%C3%A9vola
Peter_Scott,Jean-Louis_Forain
Peter_Scott,Loyd_A._Jones
Peter_Scott,John_Graham_Kerr
Peter_Scott,Paul_Klee
Peter_Scott,Franz_Marc
Peter_Scott,Alister_Hardy
Peter_Scott,Andr%C3%A9_Mare
Peter_Scott,Solomon_Joseph_Solomon
Peter_Scott,Abbott_Handerson_Thayer
Peter_Scott,Maximilian_Toch
Peter_Scott,Leon_Underwood
Peter_Scott,Edward_Wadsworth
Peter_Scott,Everett_Warner
Peter_Scott,Norman_Wilkinson_(artist)
Peter_Scott,Tony_Ayrton
Peter_Scott,Geoffrey_Barkas
Peter_Scott,Hugh_Casson
Peter_Scott,Bainbridge_Copnall
Peter_Scott,Hugh_B._Cott
Peter_Scott,Victorine_Foot
Peter_Scott,Frederick_Gore
Peter_Scott,Stanley_William_Hayter
Peter_Scott,Ivan_Konev
Peter_Scott,Jasper_Maskelyne
Peter_Scott,Oliver_Messel
Peter_Scott,Colin_Moss
Peter_Scott,Roland_Penrose
Peter_Scott,Brian_Robb
Peter_Scott,Edward_Seago
Peter_Scott,Alan_Sorrell
Peter_Scott,Basil_Spence
Peter_Scott,Steven_Sykes_(artist)
Peter_Scott,Ernest_Townsend
Peter_Scott,Julian_Trevelyan
Peter_Scott,Wilfred_Clement_Von_Berg
Peter_Scott,Peter_Tallberg
Peter_Scott,"John_Russell,_1st_Earl_Russell"
Peter_Scott,M._E._Grant_Duff
Peter_Scott,Thomas_Henry_Huxley
Peter_Scott,William_Edward_Forster
Peter_Scott,"Archibald_Primrose,_5th_Earl_of_Rosebery"
Peter_Scott,Alexander_Bain_(philosopher)
Peter_Scott,"George_Goschen,_1st_Viscount_Goschen"
Peter_Scott,"Charles_Gordon,_11th_Marquess_of_Huntly"
Peter_Scott,"Donald_Smith,_1st_Baron_Strathcona_and_Mount_Royal"
Peter_Scott,"Charles_Ritchie,_1st_Baron_Ritchie_of_Dundee"
Peter_Scott,"Sir_Frederick_Treves,_1st_Baronet"
Peter_Scott,H._H._Asquith
Peter_Scott,Andrew_Carnegie
Peter_Scott,Winston_Churchill
Peter_Scott,"Weetman_Pearson,_1st_Viscount_Cowdray"
Peter_Scott,"Robert_Horne,_1st_Viscount_Horne_of_Slamannan"
Peter_Scott,"Robert_Cecil,_1st_Viscount_Cecil_of_Chelwood"
Peter_Scott,"F._E._Smith,_1st_Earl_of_Birkenhead"
Peter_Scott,Arthur_Keith
Peter_Scott,Walter_Elliot_(Scottish_politician)
Peter_Scott,"Edward_Evans,_1st_Baron_Mountevans"
Peter_Scott,Stafford_Cripps
Peter_Scott,Eric_Linklater
Peter_Scott,"John_Buchan,_2nd_Baron_Tweedsmuir"
Peter_Scott,Jimmy_Edwards
Peter_Scott,Rhoderick_McGrigor
Peter_Scott,"John_Bannerman,_Baron_Bannerman_of_Kildonan"
Peter_Scott,"John_Hunt,_Baron_Hunt"
Peter_Scott,Jo_Grimond
Peter_Scott,Iain_Cuthbertson
Peter_Scott,Hamish_Watt
Peter_Scott,Allan_Macartney
Peter_Scott,Clarissa_Dickson_Wright
Luc_Hoffmann,Peter_Scott
Julian_Huxley,Jaime_Torres_Bodet
Julian_Huxley,Leonard_Huxley_(writer)
Julian_Huxley,Julia_Huxley
Julian_Huxley,Aldous_Huxley
Julian_Huxley,Peter_Eckersley_(engineer)
Julian_Huxley,T._H._Huxley
Julian_Huxley,E._B._Ford
Julian_Huxley,Gavin_de_Beer
Julian_Huxley,Aldous_Huxley
Julian_Huxley,Charles_Darwin
Julian_Huxley,Alfred_Russel_Wallace
Julian_Huxley,Thomas_Arnold
Julian_Huxley,Matthew_Arnold
Julian_Huxley,Mary_Augusta_Ward
Julian_Huxley,Thomas_Henry_Huxley
Julian_Huxley,Charles_Darwin
Julian_Huxley,Leonard_Huxley_(writer)
Julian_Huxley,Julia_Huxley
Julian_Huxley,Aldous_Huxley
Julian_Huxley,Lady_Ottoline_Morrell
Julian_Huxley,May_Sarton
Julian_Huxley,Anthony_Huxley
Julian_Huxley,Thomas_Henry_Huxley
Julian_Huxley,Joseph_Dalton_Hooker
Julian_Huxley,Edgar_Odell_Lovett
Julian_Huxley,T._H._Morgan
Julian_Huxley,H._J._Muller
Julian_Huxley,Edward_Avery_McIlhenny
Julian_Huxley,E._B._Ford
Julian_Huxley,Anthony_Huxley
Julian_Huxley,H._G._Wells
Julian_Huxley,G._P._Wells
Julian_Huxley,Peter_Chalmers_Mitchell
Julian_Huxley,Peter_Scott
Julian_Huxley,Max_Nicholson
Julian_Huxley,Trofim_Lysenko
Julian_Huxley,Lamarck
Julian_Huxley,Nikolai_Vavilov
Julian_Huxley,Joseph_Stalin
Julian_Huxley,Pierre_Teilhard_de_Chardin
Julian_Huxley,Konrad_Lorenz
Julian_Huxley,Niko_Tinbergen
Julian_Huxley,August_Weismann
Julian_Huxley,Charles_Sutherland_Elton
Julian_Huxley,Alister_Hardy
Julian_Huxley,John_Baker_(biologist)
Julian_Huxley,Edmund_Brisco_Ford
Julian_Huxley,Gavin_de_Beer
Julian_Huxley,Trofim_Lysenko
Julian_Huxley,Ernst_Mayr
Julian_Huxley,Theodosius_Dobzhansky
Julian_Huxley,George_Gaylord_Simpson
Julian_Huxley,Bernhard_Rensch
Julian_Huxley,Ledyard_Stebbins
Julian_Huxley,J._B._S._Haldane
Julian_Huxley,Ronald_Fisher
Julian_Huxley,Sewall_Wright
Julian_Huxley,E._B._Ford
Julian_Huxley,Cyril_Darlington
Julian_Huxley,Cyril_Darlington
Julian_Huxley,Charles_Darwin
Julian_Huxley,Theodosius_Dobzhansky
Julian_Huxley,Ronald_Fisher
Julian_Huxley,E._B._Ford
Julian_Huxley,Richard_Goldschmidt
Julian_Huxley,J._B._S._Haldane
Julian_Huxley,Hermann_J._Muller
Julian_Huxley,Bernhard_Rensch
Julian_Huxley,Sewall_Wright
Julian_Huxley,Ernst_Mayr
Julian_Huxley,G._Ledyard_Stebbins
Julian_Huxley,George_Gaylord_Simpson
Julian_Huxley,Aristotle
Julian_Huxley,G._Ledyard_Stebbins
Julian_Huxley,Bernhard_Rensch
Julian_Huxley,T._H._Huxley
Julian_Huxley,Alfred_Ayer
Julian_Huxley,John_Dewey
Julian_Huxley,Albert_Einstein
Julian_Huxley,Thomas_Mann
Julian_Huxley,Harold_Dearden
Julian_Huxley,Galton
Julian_Huxley,C._B._Davenport
Julian_Huxley,H._J._Muller
Julian_Huxley,Alfred_Cort_Haddon
Julian_Huxley,Alexander_Carr-Saunders
Julian_Huxley,Charles_Singer
Julian_Huxley,H._G._Wells
Julian_Huxley,Ronald_Lockley
Julian_Huxley,Alexander_Korda
Julian_Huxley,J._B._S._Haldane
Julian_Huxley,H._G._Wells
Julian_Huxley,G._P._Wells
Julian_Huxley,Edward_Andrade
Julian_Huxley,Gavin_de_Beer
Julian_Huxley,Alfred_Cort_Haddon
Julian_Huxley,Ylla
Julian_Huxley,Gavin_de_Beer
Julian_Huxley,"Thomas_Horder,_1st_Baron_Horder"
Julian_Huxley,Thomas_Henry_Huxley
Julian_Huxley,Alister_Hardy
Julian_Huxley,Edmund_Brisco_Ford
Julian_Huxley,W._Suschitzky
Julian_Huxley,Bernard_Kettlewell
Julian_Huxley,"William_Grenfell,_1st_Baron_Desborough"
Julian_Huxley,"Edward_Grey,_1st_Viscount_Grey_of_Fallodon"
Julian_Huxley,Peter_Chalmers_Mitchell
Julian_Huxley,"Walter_Rothschild,_2nd_Baron_Rothschild"
Julian_Huxley,Emma_Louisa_Turner
Julian_Huxley,Harry_Forbes_Witherby
Julian_Huxley,John_Baker_(biologist)
Julian_Huxley,Peter_Medawar
Julian_Huxley,Harry_Price
Julian_Huxley,Andrew_Huxley
Julian_Huxley,Jaime_Torres_Bodet
Julian_Huxley,J._B._S._Haldane
Julian_Huxley,Peter_Chalmers_Mitchell
Julian_Huxley,Sheffield_Airey_Neave
Julian_Huxley,Louis_de_Broglie
Julian_Huxley,Edmund_Brisco_Ford
Julian_Huxley,Gavin_de_Beer
Julian_Huxley,Harrison_S._Brown
Julian_Huxley,Gregory_Pincus
Julian_Huxley,Louis_Agassiz
Julian_Huxley,John_Baker_(biologist)
Julian_Huxley,John_Beddoe
Julian_Huxley,Johann_Friedrich_Blumenbach
Julian_Huxley,Franz_Boas
Julian_Huxley,Paul_Broca
Julian_Huxley,Alice_Mossie_Brues
Julian_Huxley,"Georges-Louis_Leclerc,_Comte_de_Buffon"
Julian_Huxley,Charles_Caldwell_(physician)
Julian_Huxley,Petrus_Camper
Julian_Huxley,Samuel_A._Cartwright
Julian_Huxley,Houston_Stewart_Chamberlain
Julian_Huxley,Sonia_Mary_Cole
Julian_Huxley,Carleton_S._Coon
Julian_Huxley,Georges_Cuvier
Julian_Huxley,Jan_Czekanowski
Julian_Huxley,Charles_Davenport
Julian_Huxley,Ant%C3%A9nor_Firmin
Julian_Huxley,Eugen_Fischer
Julian_Huxley,Francis_Galton
Julian_Huxley,Reginald_Ruggles_Gates
Julian_Huxley,Arthur_de_Gobineau
Julian_Huxley,Madison_Grant
Julian_Huxley,Hans_F._K._G%C3%BCnther
Julian_Huxley,Ernst_Haeckel
Julian_Huxley,Earnest_Hooton
Julian_Huxley,Thomas_Henry_Huxley
Julian_Huxley,Robert_Knox
Julian_Huxley,Robert_E._Kuttner
Julian_Huxley,Georges_Vacher_de_Lapouge
Julian_Huxley,Carl_Linnaeus
Julian_Huxley,Cesare_Lombroso
Julian_Huxley,Felix_von_Luschan
Julian_Huxley,Ashley_Montagu
Julian_Huxley,Lewis_H._Morgan
Julian_Huxley,Samuel_George_Morton
Julian_Huxley,Josiah_C._Nott
Julian_Huxley,Karl_Pearson
Julian_Huxley,Charles_Pickering_(naturalist)
Julian_Huxley,Ludwig_Hermann_Plate
Julian_Huxley,Gustaf_Retzius
Julian_Huxley,William_Z._Ripley
Julian_Huxley,Alfred_Rosenberg
Julian_Huxley,Benjamin_Rush
Julian_Huxley,Henric_Sanielevici
Julian_Huxley,Charles_Gabriel_Seligman
Julian_Huxley,Giuseppe_Sergi
Julian_Huxley,Samuel_Stanhope_Smith
Julian_Huxley,Herbert_Spencer
Julian_Huxley,Lothrop_Stoddard
Julian_Huxley,William_Graham_Sumner
Julian_Huxley,Thomas_Griffith_Taylor
Julian_Huxley,John_H._Van_Evrie
Julian_Huxley,Otmar_Freiherr_von_Verschuer
Julian_Huxley,Alexander_Winchell
Julian_Huxley,Ludwig_Woltmann
Julian_Huxley,Christoph_Meiners
Julian_Huxley,The_Races_of_Europe_(Coon)
Luc_Hoffmann,Julian_Huxley
Luc_Hoffmann,Max_Nicholson
Vincent_van_Gogh,Anton_Mauve
Vincent_van_Gogh,Theo_van_Gogh_(art_dealer)
Vincent_van_Gogh,Theo_van_Gogh_(art_dealer)
Vincent_van_Gogh,%C3%89mile_Bernard_(painter)
Vincent_van_Gogh,Paul_Gauguin
Vincent_van_Gogh,Paul_Gachet
Vincent_van_Gogh,Theo_van_Gogh_(art_dealer)
Vincent_van_Gogh,Theo_van_Gogh_(art_dealer)
Vincent_van_Gogh,Johanna_van_Gogh-Bonger
Vincent_van_Gogh,Wil_van_Gogh
Vincent_van_Gogh,%C3%89mile_Bernard_(painter)
Vincent_van_Gogh,Paul_Signac
Vincent_van_Gogh,Paul_Gauguin
Vincent_van_Gogh,Jules_Breton
Vincent_van_Gogh,Wil_van_Gogh
Vincent_van_Gogh,Constant_Cornelis_Huijsmans
Vincent_van_Gogh,Anton_Mauve
Vincent_van_Gogh,Peter_Paul_Rubens
Vincent_van_Gogh,Charles_Verlat
Vincent_van_Gogh,Franz_Vinck
Vincent_van_Gogh,Henri_de_Toulouse-Lautrec
Vincent_van_Gogh,John_Russell_(Australian_painter)
Vincent_van_Gogh,Fernand_Cormon
Vincent_van_Gogh,Adolphe_Monticelli
Vincent_van_Gogh,Fernand_Cormon
Vincent_van_Gogh,John_Peter_Russell
Vincent_van_Gogh,%C3%89mile_Bernard_(painter)
Vincent_van_Gogh,Henri_de_Toulouse-Lautrec
Vincent_van_Gogh,Paul_C%C3%A9zanne
Vincent_van_Gogh,Georges_Seurat
Vincent_van_Gogh,Camille_Pissarro
Vincent_van_Gogh,Lucien_Pissarro
Vincent_van_Gogh,Eug%C3%A8ne_Boch
Vincent_van_Gogh,Paul_Gauguin
Vincent_van_Gogh,Gustave_Courbet
Vincent_van_Gogh,Eug%C3%A8ne_Delacroix
Vincent_van_Gogh,Anna_Boch
Vincent_van_Gogh,Andries_Bonger
Vincent_van_Gogh,Jean-Fran%C3%A7ois_Millet
Vincent_van_Gogh,Jules_Breton
Vincent_van_Gogh,Gustave_Courbet
Vincent_van_Gogh,Gustave_Dor%C3%A9
Vincent_van_Gogh,Robert_Hughes_(critic)
Vincent_van_Gogh,Jean-Fran%C3%A7ois_Millet
Vincent_van_Gogh,Jean-Fran%C3%A7ois_Millet
Vincent_van_Gogh,Henry_de_Groux
Vincent_van_Gogh,Claude_Monet
Vincent_van_Gogh,Paul_Gachet
Vincent_van_Gogh,Camille_Pissarro
Vincent_van_Gogh,Charles-Fran%C3%A7ois_Daubigny
Vincent_van_Gogh,Jean-Baptiste-Camille_Corot
Vincent_van_Gogh,Honor%C3%A9_Daumier
Vincent_van_Gogh,Casimir_Lefaucheux
Vincent_van_Gogh,Andries_Bonger
Vincent_van_Gogh,Lucien_Pissarro
Vincent_van_Gogh,Johanna_van_Gogh-Bonger
Vincent_van_Gogh,Rembrandt
Vincent_van_Gogh,Frans_Hals
Vincent_van_Gogh,Jean-Fran%C3%A7ois_Millet
Vincent_van_Gogh,Hokusai
Vincent_van_Gogh,Eug%C3%A8ne_Boch
Vincent_van_Gogh,Claude_Monet
Vincent_van_Gogh,Paul_C%C3%A9zanne
Vincent_van_Gogh,Johanna_van_Gogh-Bonger
Vincent_van_Gogh,Andr%C3%A9_Antoine
Vincent_van_Gogh,Georges_Seurat
Vincent_van_Gogh,Paul_Signac
Vincent_van_Gogh,Marie_Fran%C3%A7ois_Sadi_Carnot
Vincent_van_Gogh,Octave_Mirbeau
Vincent_van_Gogh,Durand-Ruel
Vincent_van_Gogh,Henri_Matisse
Vincent_van_Gogh,John_Russell_(Australian_painter)
Vincent_van_Gogh,Andr%C3%A9_Derain
Vincent_van_Gogh,Maurice_de_Vlaminck
Vincent_van_Gogh,Helene_Kr%C3%B6ller-M%C3%BCller
Vincent_van_Gogh,Emil_Nolde
Vincent_van_Gogh,Walter_Annenberg
Vincent_van_Gogh,Gerrit_Rietveld
Vincent_van_Gogh,Kisho_Kurokawa
Vincent_van_Gogh,Anna_Boch
Vincent_van_Gogh,Jacob_van_Ruisdael
Vincent_van_Gogh,Rembrandt
Vincent_van_Gogh,James_Day_(journalist)
Vincent_van_Gogh,Robert_Hughes_(critic)
Vincent_van_Gogh,Gregory_White_Smith
Vincent_van_Gogh,David_Sweetman
Vincent_van_Gogh,Theo_van_Gogh_(art_dealer)
Vincent_van_Gogh,Wil_van_Gogh
Vincent_van_Gogh,Johanna_van_Gogh-Bonger
Vincent_van_Gogh,Andries_Bonger
Vincent_van_Gogh,Theo_van_Gogh_(film_director)
Vincent_van_Gogh,Anton_Mauve
Vincent_van_Gogh,Cuno_Amiet
Vincent_van_Gogh,Charles_Angrand
Vincent_van_Gogh,%C3%89mile_Bernard
Vincent_van_Gogh,Edvard_Munch
Vincent_van_Gogh,Pierre_Bonnard
Vincent_van_Gogh,Paul_C%C3%A9zanne
Vincent_van_Gogh,Henri-Edmond_Cross
Vincent_van_Gogh,Maurice_Denis
Vincent_van_Gogh,Georges_Dufr%C3%A9noy
Vincent_van_Gogh,Paul_Gauguin
Vincent_van_Gogh,Hippolyte_Petitjean
Vincent_van_Gogh,Odilon_Redon
Vincent_van_Gogh,Henri_Rousseau
Vincent_van_Gogh,Ren%C3%A9_Sch%C3%BCtzenberger
Vincent_van_Gogh,Paul_S%C3%A9rusier
Vincent_van_Gogh,Georges_Seurat
Vincent_van_Gogh,Paul_Signac
Vincent_van_Gogh,Henri_de_Toulouse-Lautrec
Vincent_van_Gogh,Georges_Lemmen
Vincent_van_Gogh,Maximilien_Luce
Vincent_van_Gogh,Th%C3%A9o_van_Rysselberghe
Vincent_van_Gogh,F%C3%A9lix_Vallotton
Vincent_van_Gogh,%C3%89douard_Vuillard
Vincent_van_Gogh,Georges_Braque
Vincent_van_Gogh,Andr%C3%A9_Derain
Vincent_van_Gogh,Raoul_Dufy
Vincent_van_Gogh,Henri_Matisse
Vincent_van_Gogh,Albert_Gleizes
Vincent_van_Gogh,Ernst_Ludwig_Kirchner
Vincent_van_Gogh,Karl_Schmidt-Rottluff
Vincent_van_Gogh,Wassily_Kandinsky
Vincent_van_Gogh,Sonia_Lewitska
Vincent_van_Gogh,Franz_Marc
Vincent_van_Gogh,Jean_Metzinger
Vincent_van_Gogh,Henri_Ottmann
Vincent_van_Gogh,Francis_Picabia
Vincent_van_Gogh,Pablo_Picasso
Vincent_van_Gogh,Robert_Antoine_Pinchon
Vincent_van_Gogh,Henriette_Tirman
Vincent_van_Gogh,Jean_Marchand_(painter)
Vincent_van_Gogh,Othon_Friesz
Vincent_van_Gogh,Ambroise_Vollard
Vincent_van_Gogh,F%C3%A9lix_F%C3%A9n%C3%A9on
Vincent_van_Gogh,Henri_Matisse
Vincent_van_Gogh,Andr%C3%A9_Derain
Vincent_van_Gogh,Georges_Braque
Vincent_van_Gogh,Kees_van_Dongen
Vincent_van_Gogh,Raoul_Dufy
Vincent_van_Gogh,Othon_Friesz
Vincent_van_Gogh,Henri_Manguin
Vincent_van_Gogh,Albert_Marquet
Vincent_van_Gogh,Jean_Metzinger
Vincent_van_Gogh,Maurice_de_Vlaminck
Vincent_van_Gogh,Paul_C%C3%A9zanne
Vincent_van_Gogh,Paul_Gauguin
Vincent_van_Gogh,Gustave_Moreau
Vincent_van_Gogh,Georges_Seurat
Vincent_van_Gogh,Paul_Signac
Vincent_van_Gogh,Guillaume_Apollinaire
Vincent_van_Gogh,Djuna_Barnes
Vincent_van_Gogh,Andrei_Bely
Vincent_van_Gogh,Andr%C3%A9_Breton
Vincent_van_Gogh,Hermann_Broch
Vincent_van_Gogh,Mikhail_Bulgakov
Vincent_van_Gogh,Basil_Bunting
Vincent_van_Gogh,Anton_Chekhov
Vincent_van_Gogh,Joseph_Conrad
Vincent_van_Gogh,Alfred_D%C3%B6blin
Vincent_van_Gogh,E._M._Forster
Vincent_van_Gogh,William_Faulkner
Vincent_van_Gogh,Gustave_Flaubert
Vincent_van_Gogh,Ford_Madox_Ford
Vincent_van_Gogh,Andr%C3%A9_Gide
Vincent_van_Gogh,Maxim_Gorky
Vincent_van_Gogh,Henry_Green
Vincent_van_Gogh,Knut_Hamsun
Vincent_van_Gogh,Jaroslav_Ha%C5%A1ek
Vincent_van_Gogh,Ernest_Hemingway
Vincent_van_Gogh,Hermann_Hesse
Vincent_van_Gogh,Franz_Kafka
Vincent_van_Gogh,Arthur_Koestler
Vincent_van_Gogh,D._H._Lawrence
Vincent_van_Gogh,Wyndham_Lewis
Vincent_van_Gogh,Thomas_Mann
Vincent_van_Gogh,Katherine_Mansfield
Vincent_van_Gogh,Filippo_Tommaso_Marinetti
Vincent_van_Gogh,Guy_de_Maupassant
Vincent_van_Gogh,Robert_Musil
Vincent_van_Gogh,John_Dos_Passos
Vincent_van_Gogh,Andrei_Platonov
Vincent_van_Gogh,Katherine_Anne_Porter
Vincent_van_Gogh,Marcel_Proust
Vincent_van_Gogh,Gertrude_Stein
Vincent_van_Gogh,Italo_Svevo
Vincent_van_Gogh,Miguel_de_Unamuno
Vincent_van_Gogh,Virginia_Woolf
Vincent_van_Gogh,Anna_Akhmatova
Vincent_van_Gogh,Richard_Aldington
Vincent_van_Gogh,W._H._Auden
Vincent_van_Gogh,Charles_Baudelaire
Vincent_van_Gogh,Luca_Caragiale
Vincent_van_Gogh,Constantine_P._Cavafy
Vincent_van_Gogh,Blaise_Cendrars
Vincent_van_Gogh,Hart_Crane
Vincent_van_Gogh,H.D.
Vincent_van_Gogh,Robert_Desnos
Vincent_van_Gogh,T._S._Eliot
Vincent_van_Gogh,Paul_%C3%89luard
Vincent_van_Gogh,Odysseas_Elytis
Vincent_van_Gogh,Stefan_George
Vincent_van_Gogh,Max_Jacob
Vincent_van_Gogh,Federico_Garc%C3%ADa_Lorca
Vincent_van_Gogh,Amy_Lowell
Vincent_van_Gogh,Robert_Lowell
Vincent_van_Gogh,Mina_Loy
Vincent_van_Gogh,St%C3%A9phane_Mallarm%C3%A9
Vincent_van_Gogh,Marianne_Moore
Vincent_van_Gogh,Wilfred_Owen
Vincent_van_Gogh,Octavio_Paz
Vincent_van_Gogh,Fernando_Pessoa
Vincent_van_Gogh,Rainer_Maria_Rilke
Vincent_van_Gogh,Arthur_Rimbaud
Vincent_van_Gogh,Giorgos_Seferis
Vincent_van_Gogh,Wallace_Stevens
Vincent_van_Gogh,Dylan_Thomas
Vincent_van_Gogh,Tristan_Tzara
Vincent_van_Gogh,Paul_Val%C3%A9ry
Vincent_van_Gogh,William_Carlos_Williams
Vincent_van_Gogh,Josef_Albers
Vincent_van_Gogh,Jean_Arp
Vincent_van_Gogh,Balthus
Vincent_van_Gogh,George_Bellows
Vincent_van_Gogh,Umberto_Boccioni
Vincent_van_Gogh,Pierre_Bonnard
Vincent_van_Gogh,Georges_Braque
Vincent_van_Gogh,Constantin_Br%C3%A2ncu%C8%99i
Vincent_van_Gogh,Alexander_Calder
Vincent_van_Gogh,Mary_Cassatt
Vincent_van_Gogh,Paul_C%C3%A9zanne
Vincent_van_Gogh,Marc_Chagall
Vincent_van_Gogh,Giorgio_de_Chirico
Vincent_van_Gogh,Camille_Claudel
Vincent_van_Gogh,Joseph_Cornell
Vincent_van_Gogh,Joseph_Csaky
Vincent_van_Gogh,Salvador_Dal%C3%AD
Vincent_van_Gogh,Edgar_Degas
Vincent_van_Gogh,Raoul_Dufy
Vincent_van_Gogh,Willem_de_Kooning
Vincent_van_Gogh,Robert_Delaunay
Vincent_van_Gogh,Charles_Demuth
Vincent_van_Gogh,Otto_Dix
Vincent_van_Gogh,Theo_van_Doesburg
Vincent_van_Gogh,Marcel_Duchamp
Vincent_van_Gogh,James_Ensor
Vincent_van_Gogh,Max_Ernst
Vincent_van_Gogh,Jacob_Epstein
Vincent_van_Gogh,Paul_Gauguin
Vincent_van_Gogh,Alberto_Giacometti
Vincent_van_Gogh,Natalia_Goncharova
Vincent_van_Gogh,Julio_Gonz%C3%A1lez_(sculptor)
Vincent_van_Gogh,Juan_Gris
Vincent_van_Gogh,George_Grosz
Vincent_van_Gogh,Raoul_Hausmann
Vincent_van_Gogh,Jacques_H%C3%A9rold
Vincent_van_Gogh,Hannah_H%C3%B6ch
Vincent_van_Gogh,Edward_Hopper
Vincent_van_Gogh,Frida_Kahlo
Vincent_van_Gogh,Wassily_Kandinsky
Vincent_van_Gogh,Ernst_Ludwig_Kirchner
Vincent_van_Gogh,Paul_Klee
Vincent_van_Gogh,Oskar_Kokoschka
Vincent_van_Gogh,Pyotr_Konchalovsky
Vincent_van_Gogh,Andr%C3%A9_Lhote
Vincent_van_Gogh,Lin_Fengmian
Vincent_van_Gogh,Fernand_L%C3%A9ger
Vincent_van_Gogh,Franz_Marc
Vincent_van_Gogh,Jean_Marchand_(painter)
Vincent_van_Gogh,Ren%C3%A9_Magritte
Vincent_van_Gogh,Kazimir_Malevich
Vincent_van_Gogh,%C3%89douard_Manet
Vincent_van_Gogh,Henri_Matisse
Vincent_van_Gogh,Colin_McCahon
Vincent_van_Gogh,Jean_Metzinger
Vincent_van_Gogh,Joan_Mir%C3%B3
Vincent_van_Gogh,Amedeo_Modigliani
Vincent_van_Gogh,Piet_Mondrian
Vincent_van_Gogh,Claude_Monet
Vincent_van_Gogh,Henry_Moore
Vincent_van_Gogh,Edvard_Munch
Vincent_van_Gogh,Emil_Nolde
Vincent_van_Gogh,Isamu_Noguchi
Vincent_van_Gogh,Georgia_O%27Keeffe
Vincent_van_Gogh,M%C3%A9ret_Oppenheim
Vincent_van_Gogh,Francis_Picabia
Vincent_van_Gogh,Pablo_Picasso
Vincent_van_Gogh,Camille_Pissarro
Vincent_van_Gogh,Man_Ray
Vincent_van_Gogh,Odilon_Redon
Vincent_van_Gogh,Pierre-Auguste_Renoir
Vincent_van_Gogh,Aminollah_Rezaei
Vincent_van_Gogh,Auguste_Rodin
Vincent_van_Gogh,Henri_Rousseau
Vincent_van_Gogh,Egon_Schiele
Vincent_van_Gogh,Georges_Seurat
Vincent_van_Gogh,Paul_Signac
Vincent_van_Gogh,Alfred_Sisley
Vincent_van_Gogh,Edward_Steichen
Vincent_van_Gogh,Alfred_Stieglitz
Vincent_van_Gogh,Henri_de_Toulouse-Lautrec
Vincent_van_Gogh,%C3%89douard_Vuillard
Vincent_van_Gogh,Grant_Wood
Vincent_van_Gogh,George_Antheil
Vincent_van_Gogh,Nadia_Boulanger
Vincent_van_Gogh,John_Cage
Vincent_van_Gogh,Henry_Cowell
Vincent_van_Gogh,Morton_Feldman
Vincent_van_Gogh,Henryk_G%C3%B3recki
Vincent_van_Gogh,Paul_Hindemith
Vincent_van_Gogh,Charles_Ives
Vincent_van_Gogh,Witold_Lutos%C5%82awski
Vincent_van_Gogh,Darius_Milhaud
Vincent_van_Gogh,Harry_Partch
Vincent_van_Gogh,Luigi_Russolo
Vincent_van_Gogh,Pierre_Schaeffer
Vincent_van_Gogh,Richard_Strauss
Vincent_van_Gogh,Iannis_Xenakis
Vincent_van_Gogh,Edward_Albee
Vincent_van_Gogh,Maxwell_Anderson
Vincent_van_Gogh,Jean_Anouilh
Vincent_van_Gogh,Antonin_Artaud
Vincent_van_Gogh,Samuel_Beckett
Vincent_van_Gogh,Bertolt_Brecht
Vincent_van_Gogh,Anton_Chekhov
Vincent_van_Gogh,Friedrich_D%C3%BCrrenmatt
Vincent_van_Gogh,Jean_Genet
Vincent_van_Gogh,Maxim_Gorky
Vincent_van_Gogh,Walter_Hasenclever
Vincent_van_Gogh,Henrik_Ibsen
Vincent_van_Gogh,William_Inge
Vincent_van_Gogh,Eug%C3%A8ne_Ionesco
Vincent_van_Gogh,Alfred_Jarry
Vincent_van_Gogh,Maurice_Maeterlinck
Vincent_van_Gogh,Vladimir_Mayakovsky
Vincent_van_Gogh,Arthur_Miller
Vincent_van_Gogh,Se%C3%A1n_O%27Casey
Vincent_van_Gogh,Eugene_O%27Neill
Vincent_van_Gogh,John_Osborne
Vincent_van_Gogh,Luigi_Pirandello
Vincent_van_Gogh,Erwin_Piscator
Vincent_van_Gogh,George_Bernard_Shaw
Vincent_van_Gogh,August_Strindberg
Vincent_van_Gogh,John_Millington_Synge
Vincent_van_Gogh,Ernst_Toller
Vincent_van_Gogh,Frank_Wedekind
Vincent_van_Gogh,Thornton_Wilder
Vincent_van_Gogh,Stanis%C5%82aw_Ignacy_Witkiewicz
Vincent_van_Gogh,Robert_Aldrich
Vincent_van_Gogh,Michelangelo_Antonioni
Vincent_van_Gogh,Tex_Avery
Vincent_van_Gogh,Ingmar_Bergman
Vincent_van_Gogh,Anton_Giulio_Bragaglia
Vincent_van_Gogh,Stan_Brakhage
Vincent_van_Gogh,Robert_Bresson
Vincent_van_Gogh,Luis_Bu%C3%B1uel
Vincent_van_Gogh,Marcel_Carn%C3%A9
Vincent_van_Gogh,John_Cassavetes
Vincent_van_Gogh,Charlie_Chaplin
Vincent_van_Gogh,Ren%C3%A9_Clair
Vincent_van_Gogh,Shirley_Clarke
Vincent_van_Gogh,Jean_Cocteau
Vincent_van_Gogh,Jules_Dassin
Vincent_van_Gogh,Maya_Deren
Vincent_van_Gogh,Alexander_Dovzhenko
Vincent_van_Gogh,Carl_Theodor_Dreyer
Vincent_van_Gogh,Blake_Edwards
Vincent_van_Gogh,Viking_Eggeling
Vincent_van_Gogh,Sergei_Eisenstein
Vincent_van_Gogh,Jean_Epstein
Vincent_van_Gogh,Rainer_Werner_Fassbinder
Vincent_van_Gogh,Federico_Fellini
Vincent_van_Gogh,Robert_J._Flaherty
Vincent_van_Gogh,John_Ford
Vincent_van_Gogh,Samuel_Fuller
Vincent_van_Gogh,Abel_Gance
Vincent_van_Gogh,William_Greaves
Vincent_van_Gogh,John_Hubley
Vincent_van_Gogh,Faith_Hubley
Vincent_van_Gogh,Isidore_Isou
Vincent_van_Gogh,Buster_Keaton
Vincent_van_Gogh,Lev_Kuleshov
Vincent_van_Gogh,Akira_Kurosawa
Vincent_van_Gogh,Fritz_Lang
Vincent_van_Gogh,Joseph_Losey
Vincent_van_Gogh,Ida_Lupino
Vincent_van_Gogh,Len_Lye
Vincent_van_Gogh,Marcel_L%27Herbier
Vincent_van_Gogh,Norman_McLaren
Vincent_van_Gogh,Georges_M%C3%A9li%C3%A8s
Vincent_van_Gogh,F._W._Murnau
Vincent_van_Gogh,Yasujir%C5%8D_Ozu
Vincent_van_Gogh,G._W._Pabst
Vincent_van_Gogh,Vsevolod_Pudovkin
Vincent_van_Gogh,Nicholas_Ray
Vincent_van_Gogh,Satyajit_Ray
Vincent_van_Gogh,Alain_Resnais
Vincent_van_Gogh,Jean_Renoir
Vincent_van_Gogh,Tony_Richardson
Vincent_van_Gogh,Walter_Ruttmann
Vincent_van_Gogh,Douglas_Sirk
Vincent_van_Gogh,Victor_Sj%C3%B6str%C3%B6m
Vincent_van_Gogh,Josef_von_Sternberg
Vincent_van_Gogh,Andrei_Tarkovsky
Vincent_van_Gogh,Jacques_Tati
Vincent_van_Gogh,Jacques_Tourneur
Vincent_van_Gogh,Fran%C3%A7ois_Truffaut
Vincent_van_Gogh,Dziga_Vertov
Vincent_van_Gogh,Jean_Vigo
Vincent_van_Gogh,Orson_Welles
Vincent_van_Gogh,Robert_Wiene
Vincent_van_Gogh,George_Balanchine
Vincent_van_Gogh,Merce_Cunningham
Vincent_van_Gogh,Clotilde_von_Derp
Vincent_van_Gogh,Sergei_Diaghilev
Vincent_van_Gogh,Isadora_Duncan
Vincent_van_Gogh,Michel_Fokine
Vincent_van_Gogh,Loie_Fuller
Vincent_van_Gogh,Martha_Graham
Vincent_van_Gogh,Doris_Humphrey
Vincent_van_Gogh,L%C3%A9onide_Massine
Vincent_van_Gogh,Vaslav_Nijinsky
Vincent_van_Gogh,Ted_Shawn
Vincent_van_Gogh,Anna_Sokolow
Vincent_van_Gogh,Ruth_St._Denis
Vincent_van_Gogh,Helen_Tamiris
Vincent_van_Gogh,Charles_Weidman
Vincent_van_Gogh,Grete_Wiesenthal
Vincent_van_Gogh,Mary_Wigman
Vincent_van_Gogh,Marcel_Breuer
Vincent_van_Gogh,Gordon_Bunshaft
Vincent_van_Gogh,Walter_Gropius
Vincent_van_Gogh,Hector_Guimard
Vincent_van_Gogh,Raymond_Hood
Vincent_van_Gogh,Victor_Horta
Vincent_van_Gogh,Friedensreich_Hundertwasser
Vincent_van_Gogh,Philip_Johnson
Vincent_van_Gogh,Louis_Kahn
Vincent_van_Gogh,Le_Corbusier
Vincent_van_Gogh,Adolf_Loos
Vincent_van_Gogh,Konstantin_Melnikov
Vincent_van_Gogh,Erich_Mendelsohn
Vincent_van_Gogh,Pier_Luigi_Nervi
Vincent_van_Gogh,Richard_Neutra
Vincent_van_Gogh,Oscar_Niemeyer
Vincent_van_Gogh,Hans_Poelzig
Vincent_van_Gogh,Antonin_Raymond
Vincent_van_Gogh,Gerrit_Rietveld
Vincent_van_Gogh,Eero_Saarinen
Vincent_van_Gogh,Rudolf_Steiner
Vincent_van_Gogh,Edward_Durell_Stone
Vincent_van_Gogh,Louis_Sullivan
Vincent_van_Gogh,Ludwig_Mies_van_der_Rohe
Vincent_van_Gogh,Frank_Lloyd_Wright
Luc_Hoffmann,Vincent_van_Gogh
Luc_Hoffmann,Fritz_Hoffmann-La_Roche
Luc_Hoffmann,Geoffrey_Matthews
Luc_Hoffmann,Luc_Hoffmann
